item_id,module,truth_status,topic,difficulty,discrimination,knowledge_demand,emotionality,political_valence,source_credibility,linguistic_plausibility,prior_exposure_rate,evidence_strength,evidence_complexity,manipulation_type
V001,veracity,1.0,technology,0.6395247409689043,1.7281691611435426,0.7278700535496336,0.2493321400631015,0,-0.29127621173202395,0.8262796152076713,0.40247264687829615,,,fabrication
V002,veracity,0.0,science,1.7055679914233315,1.5436222350061586,0.6834036312071291,0.5703010059550636,0,-0.8219954065367705,0.20926401236206868,0.2964728881460001,,,impersonation
V003,veracity,1.0,science,-1.024814928634475,1.0073767756011718,0.26516226985972924,0.1304129723823688,0,-0.41062013851966456,0.6301331343766259,0.05469064484879689,,,fabrication
V004,veracity,0.0,science,1.6849960742114747,1.7340743491470108,0.08691130702191152,0.419961757047202,-1,0.5888420583393968,-0.5579606347203738,0.1127693119212697,,,causal_distortion
V005,veracity,0.0,technology,-0.2542695743720551,1.4862940683267114,0.15832076332959133,0.29795401148740697,-1,-0.35550457416722414,-0.3185453842231256,0.1533883639387415,,,fabrication
V006,veracity,1.0,science,-0.48753671056583736,0.8476933679150083,0.4518460590519582,0.3329555775891685,0,-0.6987318876394852,0.04466759937281499,0.1813013063391048,,,causal_distortion
V007,veracity,0.0,health,0.20240676251865158,0.8756097969760722,0.34716724244552555,0.47967477451805046,1,1.1628559092789907,-0.06582062768289883,0.29599339295634003,,,fabrication
V008,veracity,0.0,science,1.3091432528884521,1.467547550446735,0.24088301507890242,0.18227199641920125,0,1.0393248272143332,0.3747945076082178,0.2347090105630133,,,statistical_distortion
V009,veracity,1.0,education,-1.1383067228481294,0.8170491494620912,0.7756471027519488,0.14856363167831632,0,-0.12035460962579549,-0.5155541193967583,0.1724323744936878,,,impersonation
V010,veracity,1.0,education,0.9083211785077345,1.7057235422503148,0.2703875402163005,0.6672218617744258,-1,0.7946126035634671,0.7274922386402991,0.09940437290952892,,,fabrication
V011,veracity,0.0,finance,0.3945626663307729,1.1415471726170345,0.5006800604810683,0.5871823100866083,0,0.489570085426937,-0.5543459135679047,0.3608010303895259,,,causal_distortion
V012,veracity,0.0,health,-1.4110503700220627,1.7380603483164954,0.9249141777880874,0.37313639348364913,-1,-0.8179499195335691,0.1420745803180347,0.30088432898552797,,,statistical_distortion
V013,veracity,1.0,science,0.2798750187156174,0.8812500184329433,0.5527393360303676,0.2608840263675929,0,0.8170923396995002,-1.2236538460912636,0.309315027207678,,,causal_distortion
V014,veracity,0.0,science,-0.1056938141833344,0.9872759902568815,0.979060562558364,0.5561658879607428,1,1.2947769098572575,1.7880653759389875,0.4389880507721995,,,causal_distortion
V015,veracity,1.0,science,-0.22440373860955812,1.0651281651129956,0.020414873053801852,0.46055921973257063,0,-0.98954852859635,-0.16980440900082036,0.27181562985049695,,,cherry_picking
V016,veracity,1.0,technology,-1.1114847942763264,1.1998144153741668,0.33848301216325893,0.8055046061418362,1,-0.20360005259055408,-0.5892693104155193,0.27786532453943275,,,fabrication
V017,veracity,0.0,education,0.6342400460479548,1.5721760776168168,0.2437455367613801,0.44471651554703556,0,0.2621142215648817,0.930915220768425,0.24464222677218644,,,cherry_picking
V018,veracity,0.0,science,-1.2364276252321456,0.806808719376338,0.47514842357635123,0.300179529621385,0,0.3159666737033419,0.9861812092580109,0.07951332354209427,,,statistical_distortion
V019,veracity,1.0,finance,0.3186897632987482,1.618950983203745,0.35404605711115267,0.14567299493587396,0,0.03137521368485547,0.5215597367137305,0.12206488188386332,,,statistical_distortion
V020,veracity,0.0,science,0.48490518786936176,0.9716757779743468,0.20044458166188273,0.6934950675141728,1,0.14149686834890454,-0.09967185657805523,0.29407669335430875,,,impersonation
V021,veracity,0.0,finance,0.6319908795295317,0.8016312310661783,0.8891515985003223,0.25889904083895543,0,-0.7237048168823237,0.30269721244570913,0.4338307559501117,,,statistical_distortion
V022,veracity,1.0,finance,-0.7776761915660901,1.3431756131323875,0.799899443905361,0.1365269446851159,0,0.481525268164585,0.1368262031340495,0.4401556500164757,,,cherry_picking
V023,veracity,1.0,politics,1.0996118359430944,1.6595069396789837,0.5664540766543971,0.4884449580105265,-1,0.5448914147788849,0.055952459664581795,0.37782255068283227,,,impersonation
V024,veracity,0.0,politics,-0.005502141936441226,1.2703723648127623,0.39965066399911264,0.2101846281095668,-1,-0.1538167250201469,0.3541500531342854,0.05781200391004729,,,false_context
V025,veracity,0.0,technology,0.9907670084308213,1.3945191137893058,0.9802027840465191,0.6904252837041018,0,-1.5977408134385584,-1.9334807251753057,0.28705686893496934,,,fabrication
V026,veracity,1.0,health,1.0227270303725824,1.5030369054761314,0.08715553801945031,0.5942349037639266,-1,-0.4788997043849595,-0.04469062231653779,0.29975490373146446,,,false_context
V027,veracity,0.0,technology,-1.1482103408558006,1.620806639478253,0.06488931847613588,0.2346955482385857,0,-1.1361511870902266,-0.6375976153446579,0.18016411011031835,,,causal_distortion
V028,veracity,1.0,technology,0.35408618832883304,1.2472571058027504,0.766455854652531,0.18873223702637346,0,0.21713043910473623,-0.46673053876988313,0.34205183848282905,,,cherry_picking
V029,veracity,1.0,technology,0.7216144484498858,1.1584468751277446,0.4078640089357586,0.45498869303088146,0,-0.19614864357034317,-0.60699434686693,0.15107779628475493,,,statistical_distortion
V030,veracity,0.0,science,1.3180229117376436,0.9639466557503106,0.7689752444283521,0.4200081673223216,1,0.7613009275092841,0.8035689016843032,0.23451340172695695,,,statistical_distortion
V031,veracity,1.0,science,-1.1101417019660413,0.9779176232610051,0.07028909870534639,0.8320785832772711,0,-0.12277009714826262,-0.2661179200250869,0.17925485455385032,,,causal_distortion
V032,veracity,0.0,education,1.3710860330860717,1.7525998578680309,0.2298117995692156,0.22621322224029217,0,0.7263253302509893,-1.0767564839065031,0.345736189024093,,,cherry_picking
V033,veracity,1.0,politics,-0.7093769037282536,0.8962750186588309,0.560805612286934,0.0709054452756468,1,-0.11744075431151182,0.44344049147280756,0.25887402365758017,,,causal_distortion
V034,veracity,0.0,science,0.7347471706900182,1.2680755862592972,0.6307377869069657,0.2119388491522366,0,0.47641893805068375,-0.489299175152813,0.2944031343392843,,,causal_distortion
V035,veracity,0.0,education,-1.6285901410004264,1.1481002024355105,0.039532685886551455,0.4181736704859864,0,0.28934579877542055,-0.14420543080337622,0.3202320813210011,,,false_context
V036,veracity,1.0,education,-1.1677072638528343,1.1411450600456763,0.15618329020083177,0.39480064782560353,1,0.2612463197197793,-0.43079536573644767,0.18586418871023996,,,causal_distortion
V037,veracity,0.0,science,0.2089391021359229,1.004026078842657,0.5690189411383373,0.39705251844857953,0,0.47711208160455976,1.0032081187166109,0.18711839283410708,,,fabrication
V038,veracity,1.0,technology,0.7835766134289329,1.115649833722509,0.36875984217769875,0.2427977841410692,-1,-0.7143099822843691,-0.2900824040925588,0.4130150543902478,,,cherry_picking
V039,veracity,1.0,health,0.20466265032827177,1.35905846121349,0.43468361203659633,0.5043063229892525,-1,0.7488733790788983,0.06922459982312541,0.3006136872036034,,,cherry_picking
V040,veracity,1.0,education,0.722359283512216,1.1266210880853134,0.3104945876508963,0.5728144555050939,1,0.9285023707305592,-0.12976010283250972,0.277061576560829,,,statistical_distortion
U001,updating,0.0,technology,-0.03416497593649068,0.8430623341590282,0.3708823324361604,0.27425403183433017,0,0.7076770133206038,1.1489024814332074,0.09512531259601671,1.3346896200040137,0.7453888654609628,cherry_picking
U002,updating,1.0,politics,-0.26005419742875063,1.3489530124445377,0.24336723122051407,0.4924614741654588,-1,0.648880455248517,-1.6687058198928382,0.0845378840862152,1.4330850404661608,0.5330547513777806,false_context
U003,updating,1.0,politics,-0.48335541214982286,1.0535098109826624,0.7819443091854029,0.4446538656222432,1,-0.08348439865654818,-0.2199124064529138,0.2513448614960693,1.1956169595886887,0.06913908855715012,statistical_distortion
U004,updating,0.0,technology,0.15241813504080276,0.8808431814115582,0.20850925005172433,0.6697146108563158,-1,0.03580088363408811,0.5215105734594335,0.2950237235853706,1.3623056634885313,0.5871015380436068,statistical_distortion
U005,updating,0.0,politics,-0.27135806710001775,1.419088437311669,0.5249667336946727,0.19973065715394664,-1,-0.3454329951993417,0.023741873054892653,0.2001653583495785,0.8421286693066335,0.753060859477146,false_context
U006,updating,0.0,science,0.6790031919707664,0.977609524932076,0.7136039766980546,0.30791907925828665,1,-0.5371878707648666,0.8610944529769557,0.2902408013197354,1.5109751913971958,0.6447756708521377,causal_distortion
U007,updating,1.0,health,0.1944471863468359,0.8192679892526704,0.5540928768021782,0.17873133451020828,0,-0.6099747119404807,1.0485709230292837,0.056627517934215846,1.157196338505893,0.45171303084152103,causal_distortion
U008,updating,1.0,health,0.17979941229444588,0.8404578222450112,0.33549064277856033,0.3689509907559082,0,0.5066130845744028,0.0821705467339005,0.2209307662230246,1.3409617586959015,0.8336154831453123,statistical_distortion
U009,updating,0.0,education,1.1605791421176581,1.2545733701408128,0.3227250184234953,0.35877213705646493,0,0.4281196846832679,-0.34200860774139746,0.11141819030178947,0.9191875096901876,0.9404722707261959,causal_distortion
U010,updating,1.0,technology,0.6693951434971357,1.5105463112145867,0.23133528700255993,0.36316187940856937,0,-0.6523514042802806,0.9684052966989376,0.15107619498413982,1.290449232575217,0.3758718349509753,causal_distortion
Q001,verification,,science,-0.29239806643060196,1.3261953142911231,0.047301845904458746,0.44402293883110366,0,,,,,,statistical_distortion
Q002,verification,,finance,0.22208891166510283,1.3572340472348379,0.40609052357703374,0.2571276245832576,0,,,,,,false_context
Q003,verification,,finance,-0.3304072548942124,0.8120031313715985,0.46008658330057417,0.2359622909381712,0,,,,,,cherry_picking
Q004,verification,,science,1.6408457473060873,1.062667840311157,0.3013767294275707,0.43376264749118537,0,,,,,,fabrication
Q005,verification,,politics,0.45287331232864025,1.1672489861540538,0.11564473586553543,0.5295859467177798,0,,,,,,causal_distortion
Q006,verification,,education,-0.012480658747703304,1.425937544671486,0.5104904807577735,0.6062791407939403,0,,,,,,false_context
Q007,verification,,politics,1.4054189050674988,1.6448038290709257,0.26249149737116617,0.08155548506210518,0,,,,,,impersonation
Q008,verification,,politics,-0.4857251665861587,1.2958242276318868,0.6603706999866785,0.41835499495222433,0,,,,,,causal_distortion
Q009,verification,,politics,0.061643425334529635,1.5555253021099726,0.03000879102960091,0.04948764657582187,0,,,,,,causal_distortion
Q010,verification,,education,-0.38373114466982466,1.4356123843624307,0.6622974203329305,0.4741041803905643,0,,,,,,fabrication
