condition,n_participants,n_veracity,n_updating,n_verification,difficulty_sd,noise_sd,careless_scale,corr_scale,seed,recovery_discernment,recovery_response_bias,recovery_verification,recovery_updating,recovery_evidence_evaluation
baseline,1000,40,10,10,0.75,1.0,1.0,1.0,20260817,0.9269428112461591,0.5494558738303623,0.8160774818183174,0.38282752946448223,0.706916466484619
n_participants=250,250,40,10,10,0.75,1.0,1.0,1.0,20260818,0.91296671085688,0.506814284079272,0.8316883254051005,0.38191294824910765,0.7075977080222582
n_participants=2000,2000,40,10,10,0.75,1.0,1.0,1.0,20260819,0.9172892347923497,0.5246660703128214,0.8149929696417326,0.3567390303213906,0.7355468160716406
n_veracity=20,1000,20,10,10,0.75,1.0,1.0,1.0,20260820,0.8907636155437423,0.5376213864984946,0.8278446739920107,0.381734534281808,0.6968782398105715
n_veracity=80,1000,80,10,10,0.75,1.0,1.0,1.0,20260821,0.9325576473210162,0.5483809947457006,0.7948147793942789,0.4411079206447793,0.7202531846243101
difficulty_sd=0.40,1000,40,10,10,0.4,1.0,1.0,1.0,20260822,0.9072338066770113,0.5711584274210572,0.8363494177432782,0.3381337548290259,0.7402858630317416
difficulty_sd=1.20,1000,40,10,10,1.2,1.0,1.0,1.0,20260823,0.927071430639748,0.5514993761421548,0.8113378641230878,0.5510443679976402,0.7213235100639783
noise_sd=0.60,1000,40,10,10,0.75,0.6,1.0,1.0,20260824,0.8985951100356185,0.531234801547999,0.8335311851995946,0.2637439845148376,0.7359422737604009
noise_sd=1.50,1000,40,10,10,0.75,1.5,1.0,1.0,20260825,0.9137044713929984,0.49652992182434175,0.8360494546760145,0.43794379225774716,0.7169343195312363
careless_scale=0.30,1000,40,10,10,0.75,1.0,0.3,1.0,20260826,0.9358385157049635,0.5429761271978557,0.8430136727163067,0.42279665182789855,0.7481991520057172
careless_scale=2.50,1000,40,10,10,0.75,1.0,2.5,1.0,20260827,0.8706525336036115,0.4901489165427581,0.7852547427541587,0.3981090253493583,0.6837626834058241
corr_scale=0.30,1000,40,10,10,0.75,1.0,1.0,0.3,20260828,0.9011468560439229,0.5501813160986381,0.7776042755958659,0.3924420356573432,0.7099962990289189
corr_scale=0.60,1000,40,10,10,0.75,1.0,1.0,0.6,20260829,0.9090220263975738,0.5617034275326233,0.8104763057831368,0.39384820311795204,0.7126603460624437
