condition,recovery_discernment_mean,recovery_discernment_std,recovery_response_bias_mean,recovery_response_bias_std,recovery_verification_mean,recovery_verification_std,recovery_updating_mean,recovery_updating_std,recovery_evidence_evaluation_mean,recovery_evidence_evaluation_std
baseline,0.9232366135897566,0.007756121531722543,0.5436145363019566,0.005378031513670425,0.8317380908820509,0.015725187876559354,0.34586135072337126,0.032014636238933365,0.7164203560090284,0.008255651064439004
n_participants=250,0.9101236740152673,0.017175466437026405,0.5319478640099555,0.0976676077743568,0.823885190992567,0.02588058466865116,0.29220641209137627,0.08041320933683002,0.7388336108969917,0.03218760359824975
n_participants=2000,0.9172060677516471,0.005212869468899898,0.5686237450629132,0.00654277256931447,0.8173109428184714,0.0042349404062629594,0.36163623689770996,0.06797483364310833,0.7166524199981718,0.0093225411975708
n_veracity=20,0.8775745211513651,0.013696149315169664,0.5622319801653726,0.028571064547681213,0.8365387686802288,0.01358634045510757,0.33309444613201344,0.05384398071261147,0.7207658469182808,0.014672664802158387
n_veracity=80,0.9372990343889356,0.0030102429195289805,0.5651086690477025,0.014777012851398852,0.8329463626271142,0.011139543034232598,0.41194529725315526,0.07988995932576475,0.7367144843167067,0.017973712477253045
difficulty_sd=0.40,0.9093060574774796,0.004503969249566304,0.542309738646373,0.009737479826195865,0.8345981749239181,0.0043433840540902996,0.3215511217950135,0.0247304030270094,0.7274786821350211,0.02708472764659364
difficulty_sd=1.20,0.9301042982651248,0.011952396555806322,0.5400292687444427,0.013241849421793937,0.7806967713038864,0.022734918292628453,0.3385557584740817,0.028569749327154045,0.7314000407648363,0.017851541186955193
noise_sd=0.60,0.9091121056081187,0.006936233460660341,0.5702319867633355,0.01882372484964736,0.8266478842305623,0.011467507287112192,0.30266273051189857,0.03837285958633061,0.7271213093338179,0.014722075945064238
noise_sd=1.50,0.9148752460899469,0.002275455807615337,0.5386330983448441,0.015802525723914322,0.8274078843551528,0.0044293981144911615,0.41800711869704044,0.043760649427155913,0.7297782190531823,0.01945411460291369
careless_scale=0.30,0.9314727805590729,0.0028529714934515285,0.5681486846844054,0.012903818086748413,0.8396808450122609,0.017413247288909774,0.35317313209860046,0.0541906946071158,0.7269660398371799,0.011665053714194544
careless_scale=2.50,0.877421338426431,0.017097198315756852,0.5339357426223176,0.02084150098524549,0.7839853206633919,0.018175418128972266,0.321456024801936,0.06762150135839161,0.6906034519693497,0.014426390365929126
corr_scale=0.30,0.9089904034078614,0.0060236946991236865,0.5898963861116364,0.03065200087027804,0.7924958630787445,0.03450664937305652,0.4717672251994749,0.04276740136084785,0.7115821597220312,0.01980959178836112
corr_scale=0.60,0.9155289662269336,0.00246789323617834,0.553682660268716,0.024382339562302287,0.8024434078149841,0.022433690791352868,0.40726047011825406,0.017096217233013997,0.7042292456031255,0.004123235307017243
updating_rounds=2,0.9145088438475426,0.003010248713612303,0.5649817362395387,0.03581318616961243,0.8190788767684108,0.01095972514939905,0.36720382650950206,0.039099025897536395,0.8168635070565363,0.011091470680573676
